"lhs","op","rhs","est","se","pvalue","std.all"
"i","~~","i",1.93198036021654,0.17259468947185,0,1
"s","~~","s",0.586914180291067,0.0517742822669122,0,1
"i","~~","s",0.617862965004941,0.0711336009934216,0,0.580234448531151
"i","~1","",0.61469574859779,0.0767716815594351,1.11022302462516e-15,0.442240849728391
"s","~1","",1.00629434789808,0.0417960045110626,0,1.31352315230397
