"lhs","est","se","z","pvalue"
"indirect",1.27276388983732,0.357584896405488,3.55933346914647,0.000371797200585222
"total",1.87323851498312,0.370896489797151,5.05056954302162,4.40494704490035e-07
