Model,AIC
Weibull,1684.7634125497486
LogLogistic,1695.5081077470932
LogNormal,1710.1389029163831
