"Factor_1","Factor_2","Std_Correlation","p"
"visual","textual",0.45850979948829,6.52589093874667e-13
"visual","speed",0.47053468289697,1.03996145028873e-10
"textual","speed",0.282985557346168,3.83174073319559e-05
