Dimension,Canonical_r,Canonical_r2
CV1,0.9848208449323644,0.9698720966132962
CV2,0.4711970429138508,0.22202665325075735
