Function,Eigenvalue,Proportion,Canonical_r
LD1,32.19192919827804,0.9912126049653673,0.9848208944320842
LD2,0.2853910426230687,0.008787395034632646,0.47119701923023005
